{"res/atlas/comp.atlas":["comp/",["btn_close.png","button.png","check_circle.png","checkbox.png","clip_num.png","clip_tree_arrow.png","clip_tree_folder.png","colorPicker.png","combobox.png","fontClip.png","fontClip_num.png","hscroll$bar.png","hscroll$down.png","hscroll$up.png","hscroll.png","hslider$bar.png","hslider.png","html.png","image.png","img_bg.png","img_bg2.png","img_bg3.png","img_bg4.png","img_bg5.png","img_blank.png","label.png","progress$bar.png","progress.png","radio.png","radiogroup.png","tab.png","textarea.png","textinput.png","vscroll$bar.png","vscroll$down.png","vscroll$up.png","vscroll.png","vslider$bar.png","vslider.png"]],"res/atlas/res/ani/ditan.atlas":["res/ani/ditan/",["ditan.png"]],"res/atlas/res/ani/jiantou.atlas":["res/ani/jiantou/",["jiantou.png"]],"res/atlas/res/ani/jingbao.atlas":["res/ani/jingbao/",["baojing.png","baojing_tex.png"]],"res/atlas/res/ani/jiqiren.atlas":["res/ani/jiqiren/",["jiqiren1.png","jiqiren2.png"]],"res/atlas/res/ani/qiu.atlas":["res/ani/qiu/",["qiu.png"]],"res/atlas/res/ani/xian3.atlas":["res/ani/xian3/",["xiaoren111.png"]],"res/atlas/res/ani/xiaojiqi.atlas":["res/ani/xiaojiqi/",["xiaojiqi.png"]],"res/atlas/res/ani/xiaojiqi2.atlas":["res/ani/xiaojiqi2/",["xiaojiqi2.png"]],"res/atlas/res/ani/xiaoren1.atlas":["res/ani/xiaoren1/",["xaioren1.png"]],"res/atlas/res/ani/xiaoren111.atlas":["res/ani/xiaoren111/",["xiaoren111.png"]],"res/atlas/res/ani/xiaoren2.atlas":["res/ani/xiaoren2/",["xaioren2.png"]],"res/atlas/res/ani/xiegang.atlas":["res/ani/xiegang/",["xiegang.png"]],"res/atlas/res/ani/xr2.atlas":["res/ani/xr2/",["qiu.png","xr2.png"]],"res/atlas/res/game.atlas":["res/game/",["image-dizuo.png","image-dizuo2.png","image-kuangji.png"]],"res/atlas/res/ui/BuildingPanel.atlas":["res/ui/BuildingPanel/",["MyProgress$bar.png"]],"res/atlas/res/ui/InvitationPanel.atlas":["res/ui/InvitationPanel/",["fanhui.png","jinggao.png"]],"res/atlas/res/ui/LoadPanel.atlas":["res/ui/LoadPanel/",["image-duihao.png","image-kuang.png"]],"res/atlas/res/ui/mainPanel.atlas":["res/ui/mainPanel/",["CoinAdd.png","shouye-anniu1.png","shouye-anniu1select.png","shouye-anniu2.png","shouye-anniu2select.png","shouye-anniu3.png","shouye-anniu3select.png","shouye-anniu4.png","shouye-anniu4select.png","shouye-fangkuai@3x.png","shouye-jinbi@3x.png"]],"res/atlas/res/ui/MyPanel.atlas":["res/ui/MyPanel/",["Wallet.png","button-Copy.png","button-Logout.png","input.png"]],"res/atlas/res/ui/rankPanel.atlas":["res/ui/rankPanel/",["Coin.png","CoinIcon.png","ETH.png","EthIcon.png","RankIconFrame.png","touxiang1.png","touxiang2.png"]],"res/atlas/res/ui/RepairItemPanel.atlas":["res/ui/RepairItemPanel/",["button-Repair.png"]],"res/atlas/res/ui/shopPanel.atlas":["res/ui/shopPanel/",["button-buy.png","daohang-weixuanzhong.png","daohang-xuanzhong.png","guanbi.png","jinbi1@2x.png","jinbi2@2x.png","jinbi3@2x.png","kuangji_blue.png","kuangji_green.png","kuangji_orange.png","kuangji_pink.png","kuangji_puple.png","kuangji_yellow.png","shangpinbeijing-jinbi@2x.png","shangpinbeijng_blue.png","shangpinbeijng_green.png","shangpinbeijng_orange.png","shangpinbeijng_pink.png","shangpinbeijng_puple.png","shangpinbeijng_yellow.png"]],"res/atlas/res/ui.atlas":["res/ui/",["MaskBg.png"]]}