{"type":"Dialog","props":{"name":"MyPanel","y":0,"x":0,"width":750,"visible":true,"pivotX":0,"height":1334,"presetID":1,"isPresetRoot":true},"compId":101,"child":[{"type":"Image","props":{"y":285,"x":-4,"skin":"res/ui/shopPanel/dabiankuang.png","name":"Bg","presetID":2,"sizeGrid":"143,0,100,0"},"compId":102},{"type":"Image","props":{"y":276,"x":632,"skin":"res/ui/shopPanel/guanbi.png","name":"CloseBtn","presetID":3},"compId":103},{"type":"Box","props":{"y":420,"x":0,"width":744,"name":"MyPanelToggle","height":118,"anchorY":0,"anchorX":0,"presetID":4},"compId":104,"child":[{"type":"Image","props":{"y":0,"x":0,"visible":false,"skin":"res/ui/shopPanel/daohang-weixuanzhong.png","name":"ToggleNormal","presetID":5},"compId":105},{"type":"Image","props":{"y":0,"x":0,"visible":false,"skin":"res/ui/shopPanel/daohang-xuanzhong.png","name":"ToggleSelect","presetID":6},"compId":106},{"type":"Button","props":{"y":1.5,"x":38,"toggle":false,"stateNum":1,"skin":"res/ui/shopPanel/daohang-weixuanzhong.png","name":"MyMinerBtn","labelSize":30,"labelFont":"SimHei","labelColors":"#B3C7D7 ","label":"My Miners","presetID":7},"compId":107},{"type":"Button","props":{"y":2,"x":268,"toggle":false,"stateNum":1,"skin":"res/ui/shopPanel/daohang-weixuanzhong.png","name":"MyHomeBtn","labelSize":30,"labelFont":"SimHei","labelColors":"#B3C7D7 ","label":"My Home","presetID":8},"compId":108},{"type":"List","props":{"y":87,"x":8,"width":734,"var":"ShopList","repeatY":1,"repeatX":1,"name":"ShopList","height":770,"elasticEnabled":true,"spaceY":5,"presetID":9},"compId":111,"child":[{"type":"Box","props":{"y":34,"x":19,"renderType":"render","name":"Item","presetID":10},"compId":112,"child":[{"type":"Image","props":{"y":-0.5,"x":-0.5,"skin":"res/ui/shopPanel/diban-xuanzhong.png","name":"ItemBg","presetID":11,"sizeGrid":"37,47,51,38"},"compId":113},{"type":"Image","props":{"y":41.5,"x":31.5,"var":"ItemIconFrame","skin":"res/ui/shopPanel/shangpinbeijng_pink.png","name":"ItemIconFrame","presetID":12},"compId":114},{"type":"Image","props":{"y":67.25,"x":64.5,"var":"ItemIcon","skin":"res/ui/shopPanel/kuangji_blue.png","name":"ItemIcon","presetID":13},"compId":115},{"type":"Label","props":{"y":60,"x":250,"width":342,"var":"MinerName","text":"yellow miner","name":"MinerName","height":40,"fontSize":36,"font":"SimHei","color":"#FBA623","bold":true,"align":"left","presetID":14},"compId":116},{"type":"Label","props":{"y":110,"x":251,"width":170,"text":"Total Revenue:","height":25,"fontSize":24,"font":"SimHei","color":"#B0C4DF ","bold":false,"align":"left","presetID":15},"compId":117},{"type":"Label","props":{"y":110,"x":426,"width":170,"var":"MinerTotalRevenue","text":"1.00ETH","name":"MinerTotalRevenue","height":25,"fontSize":24,"font":"SimHei","color":"#B0C4DF ","bold":false,"align":"left","presetID":16},"compId":118},{"type":"Label","props":{"y":150,"x":251,"width":170,"text":"Extracted:","height":25,"fontSize":24,"font":"SimHei","color":"#B0C4DF ","bold":false,"align":"left","presetID":17},"compId":119},{"type":"Label","props":{"y":150,"x":382,"width":170,"text":"1.00","name":"MinerExtracted","height":25,"fontSize":24,"font":"SimHei","color":"#B0C4DF ","bold":false,"align":"left","presetID":18},"compId":120},{"type":"Label","props":{"y":190,"x":250,"width":170,"text":"Total Days:","height":25,"fontSize":24,"font":"SimHei","color":"#B0C4DF ","bold":false,"align":"left","presetID":19},"compId":121},{"type":"Label","props":{"y":190,"x":394,"width":170,"text":"1.00","name":"MinerTotalDays","height":25,"fontSize":24,"font":"SimHei","color":"#B0C4DF ","bold":false,"align":"left","presetID":20},"compId":122},{"type":"Button","props":{"y":177,"x":469,"stateNum":1,"skin":"res/ui/shopPanel/button-buy.png","name":"ItemBuy","labelSize":30,"labelFont":"SimHei","labelColors":"#ffffff","labelBold":true,"label":"Receive","presetID":21},"compId":123,"child":[{"type":"Script","props":{"presetID":22,"runtime":"ui/UIButton.js"},"compId":124}]}]},{"type":"Script","props":{"presetID":23,"runtime":"ui/ShopPanel/ShopList.js"},"compId":125}]},{"type":"Script","props":{"toggleNornalImg":"@node:105","toggleSelectedImg":"@node:106","MyMinerBtn":"@node:107","MyHomeBtn":"@node:108","presetID":24,"runtime":"ui/MyPanel/MyPanelTogle.js"},"compId":126}]}],"loadList":["res/ui/shopPanel/dabiankuang.png","res/ui/shopPanel/guanbi.png","res/ui/shopPanel/daohang-weixuanzhong.png","res/ui/shopPanel/daohang-xuanzhong.png","res/ui/shopPanel/diban-xuanzhong.png","res/ui/shopPanel/shangpinbeijng_pink.png","res/ui/shopPanel/kuangji_blue.png","res/ui/shopPanel/button-buy.png"],"loadList3D":[]}