{"type":"Dialog","props":{"y":0,"x":0,"width":750,"visible":true,"presetID":1,"pivotX":0,"name":"ShopPanel","isPresetRoot":true,"height":1334},"compId":48,"child":[{"type":"Image","props":{"y":285,"x":-4,"skin":"res/ui/shopPanel/dabiankuang.png","presetID":2,"name":"Bg","sizeGrid":"143,0,100,0"},"compId":49},{"type":"Image","props":{"y":276,"x":632,"skin":"res/ui/shopPanel/guanbi.png","presetID":3,"name":"CloseBtn"},"compId":71},{"type":"Box","props":{"y":420,"x":0,"width":744,"presetID":4,"name":"ShopToggle","height":118,"anchorY":0,"anchorX":0},"compId":79,"child":[{"type":"Image","props":{"y":0,"x":0,"visible":false,"skin":"res/ui/shopPanel/daohang-weixuanzhong.png","presetID":5,"name":"ToggleNormal"},"compId":84},{"type":"Image","props":{"y":0,"x":0,"visible":false,"skin":"res/ui/shopPanel/daohang-xuanzhong.png","presetID":6,"name":"ToggleSelect"},"compId":85},{"type":"Button","props":{"y":1.5,"x":38,"toggle":false,"stateNum":1,"skin":"res/ui/shopPanel/daohang-weixuanzhong.png","presetID":7,"name":"TagGoldBtn","labelSize":30,"labelFont":"SimHei","labelColors":"#B3C7D7 ","label":"金矿机"},"compId":75},{"type":"Button","props":{"y":2,"x":268,"toggle":false,"stateNum":1,"skin":"res/ui/shopPanel/daohang-weixuanzhong.png","presetID":8,"name":"TagSliverBtn","labelSize":30,"labelFont":"SimHei","labelColors":"#B3C7D7 ","label":"银矿机"},"compId":77},{"type":"Button","props":{"y":2,"x":498,"toggle":false,"stateNum":1,"skin":"res/ui/shopPanel/daohang-weixuanzhong.png","presetID":9,"name":"TagCoinBtn","labelSize":30,"labelFont":"SimHei","labelColors":"#B3C7D7 ","label":"金币"},"compId":76},{"type":"Script","props":{"toggleSliverBtn":"@node:77","toggleSelectedImg":"@node:85","toggleNornalImg":"@node:84","toggleGoldBtn":"@node:75","toggleCoinBtn":"@node:76","tagGoldBtn":"@node:75","presetID":10,"runtime":"ui/ShopPanel/ShopToggle.js"},"compId":83},{"type":"List","props":{"y":87,"x":8,"width":734,"var":"ShopList","spaceY":5,"repeatY":1,"repeatX":1,"presetID":11,"name":"ShopList","height":770,"elasticEnabled":true},"compId":86,"child":[{"type":"Box","props":{"y":34,"x":19,"renderType":"render","presetID":12,"name":"Item"},"compId":90,"child":[{"type":"Image","props":{"y":-0.5,"x":-0.5,"skin":"res/ui/shopPanel/diban-xuanzhong.png","presetID":13,"name":"ItemBg","sizeGrid":"37,47,51,38"},"compId":87},{"type":"Image","props":{"y":41.5,"x":31.5,"var":"ItemIconFrame","skin":"res/ui/shopPanel/shangpinbeijng_pink.png","presetID":14,"name":"ItemIconFrame"},"compId":89},{"type":"Image","props":{"y":67.25,"x":64.5,"var":"ItemIcon","skin":"res/ui/shopPanel/kuangji_blue.png","presetID":15,"name":"ItemIcon"},"compId":88},{"type":"Label","props":{"y":60,"x":250,"width":342,"var":"MinerName","text":"yellow miner","presetID":16,"name":"MinerName","height":40,"fontSize":36,"font":"SimHei","color":"#FBA623","bold":true,"align":"left"},"compId":91},{"type":"Label","props":{"y":110,"x":251,"width":170,"text":"Total Revenue:","presetID":17,"height":25,"fontSize":24,"font":"SimHei","color":"#B0C4DF ","bold":false,"align":"left"},"compId":92},{"type":"Label","props":{"y":110,"x":426,"width":170,"var":"MinerTotalRevenue","text":"1.00ETH","presetID":18,"name":"MinerTotalRevenue","height":25,"fontSize":24,"font":"SimHei","color":"#B0C4DF ","bold":false,"align":"left"},"compId":93},{"type":"Label","props":{"y":150,"x":251,"width":170,"text":"Extracted:","presetID":19,"height":25,"fontSize":24,"font":"SimHei","color":"#B0C4DF ","bold":false,"align":"left"},"compId":94},{"type":"Label","props":{"y":150,"x":382,"width":170,"text":"1.00","presetID":20,"name":"MinerExtracted","height":25,"fontSize":24,"font":"SimHei","color":"#B0C4DF ","bold":false,"align":"left"},"compId":95},{"type":"Label","props":{"y":190,"x":250,"width":170,"text":"Total Days:","presetID":21,"height":25,"fontSize":24,"font":"SimHei","color":"#B0C4DF ","bold":false,"align":"left"},"compId":96},{"type":"Label","props":{"y":190,"x":394,"width":170,"text":"1.00","presetID":22,"name":"MinerTotalDays","height":25,"fontSize":24,"font":"SimHei","color":"#B0C4DF ","bold":false,"align":"left"},"compId":97},{"type":"Button","props":{"y":177,"x":469,"stateNum":1,"skin":"res/ui/shopPanel/button-buy.png","presetID":23,"name":"ItemBuy","labelSize":30,"labelFont":"SimHei","labelColors":"#ffffff","labelBold":true,"label":"Receive"},"compId":98,"child":[{"type":"Script","props":{"presetID":24,"runtime":"ui/UIButton.js"},"compId":100}]}]},{"type":"Script","props":{"presetID":25,"runtime":"ui/ShopPanel/ShopList.js"},"compId":99}]}]}],"loadList":["res/ui/shopPanel/dabiankuang.png","res/ui/shopPanel/guanbi.png","res/ui/shopPanel/daohang-weixuanzhong.png","res/ui/shopPanel/daohang-xuanzhong.png","res/ui/shopPanel/diban-xuanzhong.png","res/ui/shopPanel/shangpinbeijng_pink.png","res/ui/shopPanel/kuangji_blue.png","res/ui/shopPanel/button-buy.png"],"loadList3D":[]}