{"type":"View","props":{"width":750,"height":1334},"compId":2,"child":[{"type":"List","props":{"y":0,"x":0,"width":742,"var":"TestList","repeatY":4,"repeatX":1,"height":392,"elasticEnabled":true},"compId":6,"child":[{"type":"Box","props":{"y":52,"x":21,"renderType":"render"},"compId":5,"child":[{"type":"Image","props":{"width":708,"var":"image","skin":"comp/image.png","name":"image","height":165},"compId":3},{"type":"Label","props":{"y":25,"x":160,"width":366,"var":"testLab","text":"label","name":"testLab","height":114,"fontSize":30},"compId":4}]},{"type":"Script","props":{"runtime":"../../../Program Files (x86)/LayaAirIDE (2)/resources/app/out/vs/layaEditor/src/TestList.js"},"compId":7}]}],"loadList":["comp/image.png"],"loadList3D":[]}