{
  "Main.json": "Main-2a74decd9c.json",
  "MinterItemAni.ani": "MinterItemAni-1d5d512a6c.ani",
  "MyPanel.json": "MyPanel-e74c750472.json",
  "ShopPanel.json": "ShopPanel-211980f5fd.json",
  "TestPre.json": "TestPre-c937ca9fdf.json",
  "TestScrollView.json": "TestScrollView-fd15df6669.json",
  "TestView.json": "TestView-7721569325.json",
  "fileconfig.json": "fileconfig-de7914f5d1.json",
  "index.js": "index-5c1147d6f3.js",
  "js/bundle.js": "js/bundle-0cfa3d0db0.js",
  "js/bundle.js.map": "js/bundle-4d9deb5c26.js.map",
  "libs/min/laya.ani.min.js": "libs/min/laya-a72326a604.ani.min.js",
  "libs/min/laya.core.min.js": "libs/min/laya-dedb84797a.core.min.js",
  "libs/min/laya.physics.min.js": "libs/min/laya-9f7e23d550.physics.min.js",
  "libs/min/laya.ui.min.js": "libs/min/laya-b4568be5f8.ui.min.js",
  "res/TestPre.json": "res/TestPre-c442bffa66.json",
  "res/ani/dajiqiren/dajiqiren.png": "res/ani/dajiqiren/dajiqiren-9cd8a09790.png",
  "res/ani/dajiqiren/dajiqiren.sk": "res/ani/dajiqiren/dajiqiren-8617413eee.sk",
  "res/ani/damen/damen.png": "res/ani/damen/damen-17f2617e28.png",
  "res/ani/damen/damen.sk": "res/ani/damen/damen-975036f04e.sk",
  "res/ani/denglu/denglu.png": "res/ani/denglu/denglu-37c928fd28.png",
  "res/ani/denglu/denglu.sk": "res/ani/denglu/denglu-b853e13dad.sk",
  "res/ani/dianti/dianti.png": "res/ani/dianti/dianti-b633a81ddc.png",
  "res/ani/dianti/dianti.sk": "res/ani/dianti/dianti-a9cfdecfa0.sk",
  "res/ani/ditan/ditan.sk": "res/ani/ditan/ditan-7cd5471311.sk",
  "res/ani/jiantou/jiantou.sk": "res/ani/jiantou/jiantou-d421bb2009.sk",
  "res/ani/jingbao/baojing.sk": "res/ani/jingbao/baojing-a864258410.sk",
  "res/ani/jingbao/baojing_ske.json": "res/ani/jingbao/baojing_ske-0b208a7a8f.json",
  "res/ani/jingbao/baojing_tex.json": "res/ani/jingbao/baojing_tex-d22cb8a012.json",
  "res/ani/kuangji/cs.png": "res/ani/kuangji/cs-362fbfc486.png",
  "res/ani/kuangji/cs.sk": "res/ani/kuangji/cs-d689e7036e.sk",
  "res/ani/kuangji/fs.png": "res/ani/kuangji/fs-7cdd3ab3e6.png",
  "res/ani/kuangji/fs.sk": "res/ani/kuangji/fs-8750c619b7.sk",
  "res/ani/kuangji/hs.png": "res/ani/kuangji/hs-fe891b40d9.png",
  "res/ani/kuangji/hs.sk": "res/ani/kuangji/hs-ebba7f7c4d.sk",
  "res/ani/kuangji/lanse.png": "res/ani/kuangji/lanse-9e3d979d16.png",
  "res/ani/kuangji/lanse.sk": "res/ani/kuangji/lanse-ba9c7b52b3.sk",
  "res/ani/kuangji/lvse.png": "res/ani/kuangji/lvse-000dabd037.png",
  "res/ani/kuangji/lvse.sk": "res/ani/kuangji/lvse-8f59de3c43.sk",
  "res/ani/kuangji/zs.png": "res/ani/kuangji/zs-b08de6475a.png",
  "res/ani/kuangji/zs.sk": "res/ani/kuangji/zs-46aac8dbc6.sk",
  "res/ani/luxian1/luxian1.png": "res/ani/luxian1/luxian1-02c1cc50d5.png",
  "res/ani/luxian1/luxian1.sk": "res/ani/luxian1/luxian1-461a43139d.sk",
  "res/ani/luxian2/luxian2.png": "res/ani/luxian2/luxian2-357badfc66.png",
  "res/ani/luxian2/luxian2.sk": "res/ani/luxian2/luxian2-f37c25983e.sk",
  "res/ani/luxian3/luxian3.png": "res/ani/luxian3/luxian3-6cc841bcbd.png",
  "res/ani/luxian3/luxian3.sk": "res/ani/luxian3/luxian3-caa73ab4a2.sk",
  "res/ani/maoyan/maoyan.png": "res/ani/maoyan/maoyan-70e785408b.png",
  "res/ani/maoyan/maoyan.sk": "res/ani/maoyan/maoyan-cffdbacf0c.sk",
  "res/ani/qiu/qiu.sk": "res/ani/qiu/qiu-249f682369.sk",
  "res/ani/xiaojiqi/xiaojiqi.sk": "res/ani/xiaojiqi/xiaojiqi-a31353759f.sk",
  "res/ani/xiaojiqi2/xiaojiqi2.sk": "res/ani/xiaojiqi2/xiaojiqi2-a445646000.sk",
  "res/ani/xiaoren1/xaioren1.sk": "res/ani/xiaoren1/xaioren1-0b65859b39.sk",
  "res/ani/xiaoren2/xaioren2.sk": "res/ani/xiaoren2/xaioren2-57c793be87.sk",
  "res/ani/xiegang/xiegang.sk": "res/ani/xiegang/xiegang-5a7b039bfd.sk",
  "res/anim/Test/hongbao.png": "res/anim/Test/hongbao-faee877808.png",
  "res/anim/Test/hongbao.sk": "res/anim/Test/hongbao-d0ba484d0c.sk",
  "res/atlas/comp.atlas": "res/atlas/comp-39e405b118.atlas",
  "res/atlas/comp.png": "res/atlas/comp-62b88d9fe9.png",
  "res/atlas/res/ani/ditan.atlas": "res/atlas/res/ani/ditan-d814846587.atlas",
  "res/atlas/res/ani/ditan.png": "res/atlas/res/ani/ditan-54cadd9412.png",
  "res/atlas/res/ani/jiantou.atlas": "res/atlas/res/ani/jiantou-31ba1bbc97.atlas",
  "res/atlas/res/ani/jiantou.png": "res/atlas/res/ani/jiantou-5e2fe7171e.png",
  "res/atlas/res/ani/jingbao.atlas": "res/atlas/res/ani/jingbao-43860f3daf.atlas",
  "res/atlas/res/ani/jingbao.png": "res/atlas/res/ani/jingbao-6bed1b978a.png",
  "res/atlas/res/ani/jiqiren.atlas": "res/atlas/res/ani/jiqiren-6021933d82.atlas",
  "res/atlas/res/ani/jiqiren.png": "res/atlas/res/ani/jiqiren-51a5b4cc06.png",
  "res/atlas/res/ani/qiu.atlas": "res/atlas/res/ani/qiu-4183eeae4f.atlas",
  "res/atlas/res/ani/qiu.png": "res/atlas/res/ani/qiu-77e9b8794a.png",
  "res/atlas/res/ani/xian3.atlas": "res/atlas/res/ani/xian3-274a456ec4.atlas",
  "res/atlas/res/ani/xian3.png": "res/atlas/res/ani/xian3-d1b6b0a285.png",
  "res/atlas/res/ani/xiaojiqi.atlas": "res/atlas/res/ani/xiaojiqi-4c76204533.atlas",
  "res/atlas/res/ani/xiaojiqi.png": "res/atlas/res/ani/xiaojiqi-96a4923610.png",
  "res/atlas/res/ani/xiaojiqi2.atlas": "res/atlas/res/ani/xiaojiqi2-252fcacc4e.atlas",
  "res/atlas/res/ani/xiaojiqi2.png": "res/atlas/res/ani/xiaojiqi2-1bfde8e067.png",
  "res/atlas/res/ani/xiaoren1.atlas": "res/atlas/res/ani/xiaoren1-698d8a53c7.atlas",
  "res/atlas/res/ani/xiaoren1.png": "res/atlas/res/ani/xiaoren1-e981d894c8.png",
  "res/atlas/res/ani/xiaoren111.atlas": "res/atlas/res/ani/xiaoren111-a748fc4047.atlas",
  "res/atlas/res/ani/xiaoren111.png": "res/atlas/res/ani/xiaoren111-d1b6b0a285.png",
  "res/atlas/res/ani/xiaoren2.atlas": "res/atlas/res/ani/xiaoren2-6980ad44fa.atlas",
  "res/atlas/res/ani/xiaoren2.png": "res/atlas/res/ani/xiaoren2-fe5edc4f96.png",
  "res/atlas/res/ani/xiegang.atlas": "res/atlas/res/ani/xiegang-99a2c4ea6d.atlas",
  "res/atlas/res/ani/xiegang.png": "res/atlas/res/ani/xiegang-f8bb942081.png",
  "res/atlas/res/ani/xr2.atlas": "res/atlas/res/ani/xr2-57b9cf98dc.atlas",
  "res/atlas/res/ani/xr2.png": "res/atlas/res/ani/xr2-af2a30aa3d.png",
  "res/atlas/res/game.atlas": "res/atlas/res/game-44f999e3fb.atlas",
  "res/atlas/res/game.png": "res/atlas/res/game-da13d1decf.png",
  "res/atlas/res/ui.atlas": "res/atlas/res/ui-a8bdf28b5c.atlas",
  "res/atlas/res/ui.png": "res/atlas/res/ui-b02eda3dee.png",
  "res/atlas/res/ui/BuildingPanel.atlas": "res/atlas/res/ui/BuildingPanel-bc65258c86.atlas",
  "res/atlas/res/ui/BuildingPanel.png": "res/atlas/res/ui/BuildingPanel-eaf8b42283.png",
  "res/atlas/res/ui/InvitationPanel.atlas": "res/atlas/res/ui/InvitationPanel-353edbdf68.atlas",
  "res/atlas/res/ui/InvitationPanel.png": "res/atlas/res/ui/InvitationPanel-5be19f8d9a.png",
  "res/atlas/res/ui/LoadPanel.atlas": "res/atlas/res/ui/LoadPanel-90fb4e8708.atlas",
  "res/atlas/res/ui/LoadPanel.png": "res/atlas/res/ui/LoadPanel-e8e4a282ac.png",
  "res/atlas/res/ui/MyPanel.atlas": "res/atlas/res/ui/MyPanel-2e34477521.atlas",
  "res/atlas/res/ui/MyPanel.png": "res/atlas/res/ui/MyPanel-fefba7b9c1.png",
  "res/atlas/res/ui/RepairItemPanel.atlas": "res/atlas/res/ui/RepairItemPanel-e94697ef2b.atlas",
  "res/atlas/res/ui/RepairItemPanel.png": "res/atlas/res/ui/RepairItemPanel-a372344d90.png",
  "res/atlas/res/ui/mainPanel.atlas": "res/atlas/res/ui/mainPanel-764bea5ff3.atlas",
  "res/atlas/res/ui/mainPanel.png": "res/atlas/res/ui/mainPanel-731065b278.png",
  "res/atlas/res/ui/rankPanel.atlas": "res/atlas/res/ui/rankPanel-60f530f64b.atlas",
  "res/atlas/res/ui/rankPanel.png": "res/atlas/res/ui/rankPanel-f7358a3189.png",
  "res/atlas/res/ui/shopPanel.atlas": "res/atlas/res/ui/shopPanel-d0e8961af4.atlas",
  "res/atlas/res/ui/shopPanel.png": "res/atlas/res/ui/shopPanel-8db45e8a1a.png",
  "res/config/allMinner.json": "res/config/allMinner-e98143fa88.json",
  "res/game/MainBg.jpg": "res/game/MainBg-89a74ba3f5.jpg",
  "res/game/MainBg.png": "res/game/MainBg-6b0924941f.png",
  "res/game/zhongjjian.png": "res/game/zhongjjian-3835984b9a.png",
  "res/ui/BuildingPanel/MyProgress$bar.png": "res/ui/BuildingPanel/MyProgress$bar-7fd2ae132f.png",
  "res/ui/BuildingPanel/MyProgress.png": "res/ui/BuildingPanel/MyProgress-8540211371.png",
  "res/ui/BuildingPanel/bushu.png": "res/ui/BuildingPanel/bushu-260d5d983d.png",
  "res/ui/BuildingPanel/deploy-rear.png": "res/ui/BuildingPanel/deploy-rear-7fa03012b8.png",
  "res/ui/LoadPanel/image-bj.png": "res/ui/LoadPanel/image-bj-19712dd550.png",
  "res/ui/LoadPanel/image-faguang-hou.png": "res/ui/LoadPanel/image-faguang-hou-db4deb237f.png",
  "res/ui/LoadPanel/image-faguang-qian.png": "res/ui/LoadPanel/image-faguang-qian-06cb296504.png",
  "res/ui/LoadPanel/image-fangxing.png": "res/ui/LoadPanel/image-fangxing-aeb1bd4ba9.png",
  "res/ui/LoadPanel/image-shang.png": "res/ui/LoadPanel/image-shang-0512836e38.png",
  "res/ui/LoadPanel/image-xia.png": "res/ui/LoadPanel/image-xia-422f5fdbe6.png",
  "res/ui/LoadPanel/loadingWork.png": "res/ui/LoadPanel/loadingWork-38a787365b.png",
  "res/ui/RepairItemPanel/card.png": "res/ui/RepairItemPanel/card-fab92ba276.png",
  "res/ui/RepairItemPanel/repairBg.png": "res/ui/RepairItemPanel/repairBg-33fd29dc1f.png",
  "res/ui/mainPanel/shouye-diban.png": "res/ui/mainPanel/shouye-diban-066c8fd10a.png",
  "res/ui/mask.png": "res/ui/mask-65929e6ae5.png",
  "res/ui/rankPanel/BottomBg.png": "res/ui/rankPanel/BottomBg-96b05c5fee.png",
  "res/ui/rankPanel/RankListBg.png": "res/ui/rankPanel/RankListBg-1aaeecb802.png",
  "res/ui/rankPanel/TopBg.png": "res/ui/rankPanel/TopBg-f118eb2281.png",
  "res/ui/shopPanel/dabiankuang.png": "res/ui/shopPanel/dabiankuang-e525e29988.png",
  "res/ui/shopPanel/diban-xuanzhong.png": "res/ui/shopPanel/diban-xuanzhong-a91408058f.png",
  "res/ui/shopPanel/shopBg.png": "res/ui/shopPanel/shopBg-99e674bd18.png",
  "unpack.json": "unpack-5b3288c0e0.json",
  "version.json": "version-b772df9bcb.json"
}