{"frameRate":24,"isGlobal":0,"armature":[{"animation":[{"playTimes":0,"bone":[{"frame":[{"transform":{},"duration":28}],"name":"root"},{"frame":[{"tweenEasing":0,"transform":{"scY":1.35,"scX":1.35,"x":-1.194},"duration":14},{"tweenEasing":0,"transform":{"scY":2.83,"scX":2.83,"x":-1.194},"duration":14},{"transform":{"scY":1.35,"scX":1.35,"x":0.1042},"duration":0}],"name":"Anim_BaoJingGaoGuang"},{"frame":[{"tweenEasing":0,"transform":{"scY":0.75,"scX":0.75,"x":-1.194},"duration":8},{"transform":{"x":-1.194},"duration":20}],"name":"Anim_BaoJingGaoGuang1"}],"slot":[],"ffd":[],"ik":[],"frame":[],"name":"newAnimation","duration":28}],"bone":[{"name":"root","transform":{}},{"length":12,"transform":{"y":-10.2912,"skX":-90,"skY":-90,"x":2.3786},"parent":"root","name":"Anim_BaoJingGaoGuang"},{"length":12,"transform":{"y":-13.4503,"skX":180,"skY":180,"x":3.6242},"parent":"root","name":"Anim_BaoJingGaoGuang1"}],"type":"Armature","name":"Armature","defaultActions":[{"gotoAndPlay":"newAnimation"}],"ik":[],"aabb":{"width":72,"y":-56.5,"height":88,"x":-36.64979793899411},"slot":[{"name":"Anim_BaoJing","parent":"root","color":{}},{"z":1,"name":"Anim_BaoJingGaoGuang1","parent":"Anim_BaoJingGaoGuang","color":{}},{"z":2,"name":"Anim_BaoJingGaoGuang11","parent":"Anim_BaoJingGaoGuang1","color":{}}],"frameRate":24,"skin":[{"slot":[{"display":[{"path":"Anim_BaoJingGaoGuang","type":"image","name":"Anim_BaoJingGaoGuang","transform":{"y":-3.43,"skX":90,"skY":90,"x":6.7367}}],"name":"Anim_BaoJingGaoGuang11"},{"display":[{"path":"Anim_BaoJing","type":"image","name":"Anim_BaoJing","transform":{"y":-12.5,"x":-0.6498}}],"name":"Anim_BaoJing"},{"display":[{"path":"Anim_BaoJingGaoGuang","type":"image","name":"Anim_BaoJingGaoGuang","transform":{"y":-3.43,"skX":90,"skY":90,"x":6.7367}}],"name":"Anim_BaoJingGaoGuang1"}],"name":""}]}],"name":"baojing","version":"5.0"}